month,avg_revenue,avg_units
1,35685.75506107299,872.3819444444445
2,35748.60175921313,879.0486111111111
3,36288.662131444165,881.2638888888889
4,42199.94825308432,1019.2708333333334
5,42355.12846701331,1022.8958333333334
6,42643.03500134848,1032.4027777777778
7,35648.19035087889,873.0972222222222
8,36168.02947552689,881.4930555555555
9,35736.662842396014,870.5833333333334
10,40993.81005084599,992.9305555555555
11,40969.31279097618,993.6319444444445
12,40422.443676193354,982.5416666666666
