region,year,revenue,units
East,2022,5857489.126127062,141416
East,2023,6115471.765291146,147645
East,2024,5938968.147967867,145664
North,2022,6789744.94911343,164810
North,2023,6982746.297909214,169608
North,2024,6829720.200365233,167293
South,2022,3828811.5794084766,93317
South,2023,4176138.824555435,101776
South,2024,4329481.419833452,104776
West,2022,5147077.968058675,124985
West,2023,5519429.619436557,134502
West,2024,5424699.601772549,131630
